Gesamt-Index Österreich;100.00000;112.6;112.6;0.0;44629.0;0;0;1;1
NAHRUNGSMITTEL UND ALKOHOLFREIE GETRÄNKE;11.34582;114.0;112.9;1.0;44574.0;1;1;2;1
Nahrungsmittel;10.12065;114.0;112.8;44562.0;13.0;1;1;3;1
Brot und Getreideerzeugnisse;2.04449;113.5;112.3;44562.0;44785.0;1;1;4;1
Langkornreis;0.05225;106.0;103.6;44622.0;44719.0;1;1;001900;0
Weizenmehl;0.10348;136.4;134.2;44713.0;39.8;1;1;002000;0
Mischbrot;0.2185;114.8;115.3;-0.4;44815.0;1;1;000600;0
Spezialbrot;0.12822;111.0;110.8;0.2;44600.0;1;1;000700;0
Weißbrot;0.15435;118.4;118.8;-0.3;44635.0;1;1;000800;0
Semmel;0.14343;112.4;112.1;0.3;44782.0;1;1;000900;0
Gebäck;0.2184;110.2;110.2;0.0;44751.0;1;1;001000;0
Weckerl zum Fertigbacken;0.05219;111.0;111.6;-0.5;44725.0;1;1;001100;0
Laugengebäck;0.05362;113.5;113.3;0.2;44632.0;1;1;001110;0
Süße Knödel. tiefgekühlt;0.01786;121.1;119.4;44652.0;44761.0;1;1;000200;0
Kekse mit Schokoladeanteil;0.0558;102.3;99.7;44714.0;44811.0;1;1;001500;0
Kuchen/ Roulade/ Striezel;0.09116;111.1;109.9;44562.0;44661.0;1;1;001550;0
Haselnussschnitten;0.0357;111.1;108.4;44683.0;44750.0;1;1;001600;0
Salzstäbchen;0.01904;115.6;114.9;0.6;44631.0;1;1;001700;0
Gebäck mit süßer Füllung;0.23867;114.6;113.6;0.9;44722.0;1;1;002300;0
Topfengolatsche;0.10506;111.7;100.4;44631.0;44723.0;1;1;002400;0
Pizza. tiefgekühlt;0.07204;115.1;112.6;44594.0;44820.0;1;1;101;0
Fertiggericht. tiefgekühlt;0.04952;111.5;109.5;44774.0;44632.0;1;1;000300;0
Teigwaren;0.12338;115.2;114.6;0.5;44821.0;1;1;002100;0
Müsli;0.07862;104.6;104.5;0.1;44779.0;1;1;001400;0
Fertigteig;0.0332;109.8;108.1;44713.0;44574.0;1;1;001200;0
Fleisch. Fleischwaren;2.32489;116.1;115.2;0.8;44634.0;1;1;5;1
Kalbsschnitzel;0.02666;100.2;98.0;44594.0;-3.7;1;1;002500;0
Rindfleisch. Gulasch;0.10966;115.5;113.3;44805.0;44786.0;1;1;003100;0
Rindsschnitzelfleisch;0.10059;106.8;103.1;44715.0;5.0;1;1;003200;0
Rind-Suppenfleisch;0.08004;119.5;118.9;0.5;44698.0;1;1;003300;0
Bauchfleisch;0.0369;115.4;114.3;1.0;44693.0;1;1;003500;0
Schopfbraten;0.07759;109.1;108.6;0.5;44628.0;1;1;003600;0
Schweinsschnitzel;0.12035;112.8;110.7;44805.0;44816.0;1;1;003700;0
Schweinslungenbraten;0.11128;116.3;115.0;44562.0;44756.0;1;1;003800;0
Brathuhn;0.09321;123.9;122.2;44652.0;16.0;1;1;004700;0
Putenbrustfleisch;0.11408;117.7;117.4;0.3;44579.0;1;1;004800;0
Hühnerfleisch paniert. tiefgekühlt;0.04028;124.9;122.8;44743.0;44617.0;1;1;004900;0
Hühnerfilet;0.17418;124.6;122.5;44743.0;44638.0;1;1;005000;0
Selchfleisch;0.05303;115.7;114.6;1.0;44636.0;1;1;002700;0
Speck;0.11342;114.8;115.0;-0.2;13.0;1;1;002800;0
Würstel;0.20648;110.7;109.9;0.7;44572.0;1;1;004000;0
Dauerhartwurst;0.09684;113.5;114.0;-0.4;44784.0;1;1;004100;0
Schinken vom Schwein;0.23092;113.9;112.6;44593.0;44633.0;1;1;004200;0
Truthahnextrawurst;0.06282;128.4;133.0;-3.5;44670.0;1;1;004300;0
Extrawurst;0.14407;118.1;120.7;-2.2;44607.0;1;1;004400;0
Salami;0.10332;113.5;114.3;-0.7;44752.0;1;1;004600;0
Faschiertes;0.14193;128.7;125.6;44683.0;44612.0;1;1;002600;0
Leberaufstrich;0.04537;114.4;115.3;-0.8;44635.0;1;1;002900;0
Rindsgulaschkonserve;0.04187;121.4;120.2;1.0;44731.0;1;1;003000;0
Fisch;0.34928;111.9;108.0;44715.0;44787.0;1;1;6;1
Frischer Fisch;0.09695;104.3;101.5;44775.0;9.0;1;1;005400;0
Dorschfilet. tiefgekühlt;0.06878;123.6;112.2;44602.0;44796.0;1;1;005200;0
Fischstäbchen. tiefgekühlt;0.0572;130.0;125.7;44654.0;44768.0;1;1;005300;0
Räucherlachs;0.04789;99.5;98.1;44652.0;44812.0;1;1;005500;0
Thunfisch;0.07846;107.1;107.3;-0.2;44659.0;1;1;005100;0
Milch. Käse und Eier;1.54892;117.5;115.9;44652.0;44700.0;1;1;7;1
Länger Frisch Milch;0.19058;122.3;121.5;0.7;44703.0;1;1;005660;0
Frischmilch;0.05334;125.8;124.0;44682.0;44704.0;1;1;005661;0
Kondensierte Milch;0.03777;117.5;113.6;44654.0;44788.0;1;1;006100;0
Fruchtjoghurt;0.0893;120.8;117.5;44775.0;44668.0;1;1;006200;0
Joghurt natur;0.08505;112.0;110.8;44562.0;44820.0;1;1;006400;0
Speisetopfen;0.02482;115.2;115.3;-0.1;44640.0;1;1;006000;0
Emmentaler;0.13071;118.9;117.2;44682.0;44734.0;1;1;006600;0
Gouda;0.16205;120.8;118.0;44653.0;44762.0;1;1;006700;0
Bergkäse;0.09886;108.4;106.4;44805.0;44662.0;1;1;006800;0
Camembert;0.07891;120.8;117.0;44595.0;19.0;1;1;006900;0
Frischkäse;0.05926;121.2;121.2;0.0;44822.0;1;1;007100;0
Mozzarella;0.07242;111.9;110.8;1.0;44638.0;1;1;007200;0
Milchmixgetränk;0.11139;109.3;107.4;44774.0;44569.0;1;1;005700;0
Sauerrahm;0.06147;119.3;118.8;0.4;44771.0;1;1;005800;0
Schlagobers;0.0815;118.0;118.5;-0.4;44735.0;1;1;005900;0
Eier;0.21149;120.1;119.0;0.9;44764.0;1;1;006500;0
Öle und Fette;0.34906;130.2;124.2;44777.0;44591.0;1;1;8;1
Butter;0.16077;136.1;131.4;44715.0;38.9;1;1;007300;0
Margarine;0.03015;115.9;104.2;44603.0;44730.0;1;1;007400;0
Olivenöl;0.0559;105.5;103.5;44805.0;44564.0;1;1;007800;0
Sortenreines Pflanzenöl;0.10224;140.2;131.7;44687.0;35.6;1;1;007600;0
Obst;0.98244;105.4;106.1;-0.7;44564.0;1;1;9;1
Mandarinen;0.04416;100.0;100.7;-0.7;-3.8;1;1;008200;0
Erdbeeren;0.06512;97.3;99.8;-2.5;-26.6;1;1;008400;0
Beeren (ohne Erdbeeren);0.04608;102.6;103.1;-0.5;44628.0;1;1;008440;0
Äpfel;0.11301;112.5;112.8;-0.3;44716.0;1;1;008500;0
Birnen;0.02508;111.4;116.8;-4.6;44574.0;1;1;008600;0
Pfirsiche / Nektarinen;0.07365;84.4;82.0;44806.0;-15.2;1;1;008800;0
Trauben;0.08363;106.1;118.5;-10.5;44784.0;1;1;008900;0
Zucker-. Honigmelone;0.04963;93.4;105.0;-11.0;44580.0;1;1;009000;0
Bananen;0.1262;118.4;118.0;0.3;44578.0;1;1;009200;0
Kiwi;0.01992;126.6;123.6;44653.0;44657.0;1;1;009300;0
Orangen;0.0556;120.3;109.4;10.0;44654.0;1;1;009400;0
Zitronen;0.05412;103.5;103.0;0.5;44657.0;1;1;009500;0
Avocado;0.02503;95.2;90.6;44566.0;44623.0;1;1;010490;0
Nuss-. Trockenfruchtmischung;0.14247;100.1;99.5;0.6;44743.0;1;1;007900;0
Erdnüsse geröstet / gesalzen;0.02322;101.8;100.3;44682.0;44684.0;1;1;008000;0
Rosinen;0.03552;92.3;92.2;0.1;-6.8;1;1;008100;0
Gemüse;1.24535;117.1;116.7;0.3;44573.0;1;1;10;1
Champignons;0.04231;116.2;111.3;44655.0;44637.0;1;1;010500;0
Gurken;0.05849;110.8;114.9;-3.6;44753.0;1;1;010600;0
Karfiol;0.06173;114.9;114.3;0.5;44782.0;1;1;010700;0
Karotten;0.0591;111.8;114.1;-2.0;44748.0;1;1;010800;0
Grüner Blattsalat;0.10052;116.7;116.1;0.5;44694.0;1;1;010900;0
Paprika;0.09021;140.9;134.8;44685.0;44732.0;1;1;011000;0
Verpackter Salat;0.05801;110.0;108.8;44562.0;44811.0;1;1;011220;0
Tomaten;0.19487;120.0;122.9;-2.4;44632.0;1;1;011400;0
Zwiebeln;0.0769;122.9;128.2;-4.1;44721.0;1;1;011700;0
Mischgemüse. tiefgekühlt;0.04619;114.0;110.3;44654.0;44690.0;1;1;009900;0
Spinat. tiefgekühlt;0.02514;119.3;114.4;44624.0;44578.0;1;1;010000;0
Delikatessgurken;0.17773;116.1;114.7;44593.0;44691.0;1;1;009700;0
Pommes frites. tiefgekühlt;0.04077;110.8;109.1;44713.0;44785.0;1;1;010100;0
Kartoffeln;0.12942;107.8;107.1;0.7;44572.0;1;1;011800;0
Kartoffelchips;0.08396;115.1;113.5;44652.0;44604.0;1;1;010200;0
Zucker. Marmelade. Honig. Schokolade und Süßwaren;0.77493;104.9;103.5;44652.0;44656.0;1;1;11;1
Kristallzucker;0.05255;101.7;100.2;44682.0;44805.0;1;1;013200;0
Pfirsichkonserve;0.03076;108.1;106.2;44774.0;44571.0;1;1;012300;0
Marmelade / Konfitüre;0.03398;101.7;100.9;0.8;44652.0;1;1;013000;0
Bienenhonig;0.02307;105.1;104.3;0.8;44806.0;1;1;013100;0
Vollmilchschokolade;0.11511;104.6;103.7;0.9;44745.0;1;1;012500;0
Bonbonniere/ Pralinen;0.14206;110.5;109.5;0.9;44749.0;1;1;012550;0
Schokoriegel;0.03358;102.8;100.2;44714.0;44684.0;1;1;012600;0
Kaugummi;0.09281;102.8;102.5;0.3;44653.0;1;1;012700;0
Fruchtbonbons. -gummi;0.11808;101.7;99.2;44683.0;44748.0;1;1;012800;0
Speiseeis. Familienpackung;0.13293;106.6;104.2;44622.0;44659.0;1;1;012200;0
Nahrungsmittel. a.n.g.;0.50129;108.3;107.4;0.8;44659.0;1;1;12;1
Senf;0.0465;118.3;118.3;0.0;44701.0;1;1;013900;0
Tomatenketchup;0.05699;113.7;112.6;1.0;44604.0;1;1;014000;0
Speiseessig;0.05011;103.6;102.4;44593.0;44564.0;1;1;014100;0
Vollsalz;0.01903;112.3;111.0;44593.0;44659.0;1;1;013700;0
Gewürzpaprika;0.0743;103.7;103.7;0.0;44686.0;1;1;013800;0
Baby-Milchnahrung;0.07192;112.1;110.2;44743.0;10.0;1;1;014103;0
Fertiggericht. gekühlt;0.13285;100.3;99.7;0.6;44745.0;1;1;014101;0
Suppenpulver;0.04959;112.7;110.7;44774.0;14.0;1;1;013400;0
Alkoholfreie Getränke;1.22517;114.1;113.4;0.6;44575.0;1;2;13;1
Kaffee. Tee und Kakao;0.50973;117.2;113.4;44654.0;44611.0;1;2;14;1
Bohnenkaffee;0.19543;125.1;121.7;44775.0;44768.0;1;2;014300;0
Kaffeepads/-kapseln;0.15084;112.3;109.0;3.0;44607.0;1;2;014301;0
Löslicher Kaffee;0.06292;116.9;106.6;44751.0;44696.0;1;2;014302;0
Teebeutel;0.07887;114.7;113.4;44562.0;44725.0;1;2;014200;0
Kakaohältiges Getränkepulver;0.02167;111.5;107.6;44715.0;44753.0;1;2;014500;0
Mineralwasser. Erfrischungsgetränke und Saft;0.71544;111.7;113.3;-1.4;44691.0;1;2;15;1
Mineral-. Tafelwasser;0.14018;115.8;115.8;0.0;44636.0;1;2;014800;0
Aromatisiertes Mineralwasser;0.03752;113.6;114.7;-1.0;44722.0;1;2;014600;0
Modegetränk / Energydrink;0.08323;109.8;110.1;-0.3;44570.0;1;2;014700;0
Kohlensäurehältige Limonade;0.09727;112.2;113.2;-0.9;44815.0;1;2;014900;0
Colagetränk;0.15835;110.4;118.3;-6.7;8.0;1;2;015000;0
Orangensaft;0.1126;110.1;108.9;44562.0;44689.0;1;2;015200;0
Apfelsaft;0.08629;110.6;109.3;44593.0;44659.0;1;2;015300;0
ALKOHOLISCHE GETRÄNKE UND TABAK;3.41268;107.3;107.3;0.0;44565.0;2;2;16;1
Alkoholische Getränke;1.55445;106.2;106.4;-0.2;44716.0;2;3;17;1
Spirituosen;0.23703;101.2;100.8;0.4;-1.7;2;3;18;1
Rum;0.06706;100.2;101.0;-0.8;0.2;2;3;015400;0
Wodka;0.10256;105.0;102.2;44744.0;44621.0;2;3;015500;0
Likör;0.06741;94.7;96.7;-2.1;-7.4;2;3;015550;0
Wein;0.62526;106.8;104.0;44744.0;44659.0;2;3;19;1
Rotwein;0.18618;111.2;107.2;44745.0;44661.0;2;3;015700;0
Weißwein;0.31147;107.9;105.0;44775.0;44627.0;2;3;015800;0
Sekt;0.12761;97.0;95.7;44652.0;44780.0;2;3;016000;0
Bier;0.69216;107.4;110.5;-2.8;44654.0;2;3;20;1
Dosenbier;0.27028;106.8;110.2;-3.1;44808.0;2;3;016100;0
Spezialbier;0.04085;106.8;111.8;-4.5;44622.0;2;3;016250;0
Flaschenbier;0.34806;108.0;111.0;-2.7;44564.0;2;3;016300;0
Radler;0.03297;99.9;101.2;-1.3;-4.8;2;3;016400;0
Tabak;1.85823;107.8;107.7;0.1;44715.0;2;4;21;1
Tabakwaren;1.85823;107.8;107.7;0.1;44715.0;2;4;22;1
Zigaretten;1.76897;107.5;107.4;0.1;44654.0;2;4;016500;0
Tabak;0.08926;112.4;112.4;0.0;44598.0;2;4;022030;0
BEKLEIDUNG UND SCHUHE;4.61681;90.0;93.4;-3.6;1.0;3;4;23;1
Bekleidung;3.66928;89.1;92.3;-3.5;0.3;3;5;24;1
Bekleidungsstoffe;0.01176;106.9;106.9;0.0;44617.0;3;5;25;1
Stoff;0.01176;106.9;106.9;0.0;44617.0;3;5;026900;0
Bekleidungsartikel;3.40511;88.0;91.6;-3.9;-0.1;3;5;26;1
Herren-Snowboardanzug;0.06308;92.1;95.8;-3.9;0.5;3;5;029100;0
Herren-Jeans;0.133;96.4;96.6;-0.2;44717.0;3;5;029200;0
Herren-Anzug;0.04846;99.2;103.9;-4.5;44716.0;3;5;029500;0
Herren-Hose;0.12062;92.8;96.1;-3.4;-0.6;3;5;029600;0
Herren-Sakko;0.03663;92.6;96.5;-4.0;44715.0;3;5;029700;0
Herren-Jacke;0.18404;79.2;80.4;-1.5;-1.9;3;5;029800;0
Herren-Shirt;0.12049;82.6;86.5;-4.5;-5.7;3;5;029900;0
Herren-Hemd;0.11394;88.0;96.4;-8.7;0.9;3;5;030000;0
Herren-Socken;0.04348;100.0;101.1;-1.1;0.0;3;5;030200;0
Herren-Unterhose;0.05774;102.2;99.1;44564.0;5.0;3;5;030300;0
Herren-Pullover / Weste;0.1036;90.9;88.9;44594.0;44809.0;3;5;030400;0
Herren-Sportbekleidung;0.08225;86.6;91.2;-5.0;44563.0;3;5;030500;0
Damen-Sportbekleidung;0.09014;86.8;91.7;-5.3;-4.1;3;5;027100;0
Damen-Kleid;0.10518;81.5;85.1;-4.2;44747.0;3;5;027200;0
Damen-Hose;0.25503;87.0;90.3;-3.7;-1.0;3;5;027400;0
Damen-Mantel;0.1548;92.6;96.4;-3.9;44624.0;3;5;027500;0
Damen-Rock;0.05904;83.0;86.3;-3.8;-2.6;3;5;027700;0
Damen-Jacke;0.15363;82.5;84.6;-2.5;0.2;3;5;027900;0
Damen-Shirt;0.25918;84.1;91.3;-7.9;-0.8;3;5;028000;0
Damen-Pullover;0.1347;80.7;81.7;-1.2;44655.0;3;5;028100;0
Damen-Bluse;0.09388;83.0;89.2;-7.0;-2.4;3;5;028200;0
Damen-Blazer;0.04525;89.0;90.6;-1.8;44566.0;3;5;028300;0
Büstenhalter;0.08821;100.2;103.3;-3.0;-0.3;3;5;028400;0
Damen-Strumpfhose;0.01897;94.7;95.8;-1.1;-3.6;3;5;028500;0
Damen-Nachtwäsche;0.0704;85.1;91.1;-6.6;44686.0;3;5;028600;0
Damen-Unterhose;0.07386;96.3;96.1;0.2;-0.5;3;5;028700;0
Damen-Jeans;0.15113;90.2;93.8;-3.8;-4.9;3;5;028800;0
Damen-Schianzug;0.07623;93.9;97.7;-3.9;44654.0;3;5;028900;0
Damen-Bademode;0.02386;99.7;109.2;-8.7;44623.0;3;5;029000;0
Unterhose für Buben;0.0616;97.8;95.7;44594.0;44743.0;3;5;030801;0
Jeans für Buben;0.10417;86.3;87.0;-0.8;-1.6;3;5;030802;0
T-Shirt für Mädchen;0.11837;72.4;82.9;-12.7;-4.5;3;5;030803;0
Jacke für Mädchen;0.08411;76.9;80.0;-3.9;;3;5;030804;0
Baby-Set;0.07604;85.1;95.1;-10.5;-3.4;3;5;031900;0
Sonstige Bekleidungsartikel und Bekleidungszubehör;0.20616;101.6;100.6;1.0;44566.0;3;5;27;1
Krawatte;0.01847;103.0;103.5;-0.5;44603.0;3;5;032000;0
Gürtel mit Schnalle;0.04514;104.3;104.3;0.0;44716.0;3;5;032100;0
Schal / Tuch;0.07343;97.7;95.1;44744.0;44748.0;3;5;032110;0
Kopfbedeckung;0.03908;98.2;101.6;-3.3;44805.0;3;5;032200;0
Strickwolle;0.03004;109.4;103.9;44625.0;44596.0;3;5;032300;0
Reinigung und Reparatur von Bekleidung;0.04625;107.7;107.6;0.1;44626.0;3;5;28;1
Waschen und Bügeln / Hemden;0.00647;107.1;107.0;0.1;44568.0;3;5;032800;0
Chemische Reinigung;0.01988;110.0;109.7;0.3;44568.0;3;5;032900;0
Änderungsschneiderei;0.0199;105.7;105.6;0.1;44625.0;3;5;032600;0
Schuhe einschließlich Reparatur;0.94753;94.4;98.3;-4.0;44715.0;3;6;29;1
Schuhe;0.94042;94.3;98.3;-4.1;44715.0;3;6;30;1
Herren-Sportschuhe;0.08338;98.2;103.1;-4.8;44713.0;3;6;033200;0
Herren-Pantoffel;0.01904;107.4;106.4;0.9;44747.0;3;6;033201;0
Herren-Freizeitschuhe;0.17189;92.9;97.9;-5.1;44562.0;3;6;033330;0
Herren-Halbschuhe;0.03393;94.8;97.5;-2.8;44713.0;3;6;033400;0
Damen-Stiefeletten;0.13726;89.2;93.0;-4.1;0.8;3;6;033100;0
Damen-Freizeitschuhe;0.2066;92.3;98.1;-5.9;44624.0;3;6;033300;0
Damen-Halbschuhe;0.06566;90.5;94.8;-4.5;44567.0;3;6;033600;0
Damen-Sportschuhe;0.06201;99.0;102.4;-3.3;0.2;3;6;034100;0
Kinder-Halbschuhe;0.07429;103.6;104.4;-0.8;44788.0;3;6;033900;0
Kinder-Sportfreizeitschuhe;0.08636;97.4;98.8;-1.4;44625.0;3;6;034000;0
Reparatur von Schuhen;0.00711;104.0;103.3;0.7;44683.0;3;6;31;1
Absatzreparatur;0.00711;104.0;103.3;0.7;44683.0;3;6;034200;0
WOHNUNG. WASSER. ENERGIE;18.92094;118.2;116.3;44713.0;44786.0;4;6;32;1
Gezahlte Wohnungsmieten;5.36878;103.2;103.0;0.2;44774.0;4;7;33;1
Wohnungsmieten;5.36878;103.2;103.0;0.2;44774.0;4;7;34;1
Wohnungsmiete. alle Kategorien;4.87574;102.7;102.4;0.3;44682.0;4;7;034300;0
Neuvermietungen;0.49304;105.2;106.3;-1.0;44597.0;4;7;034301;0
Instandhaltung und Reparatur der Wohnung;5.79552;122.5;119.2;44775.0;44727.0;4;8;35;1
Material für die Instandhaltung und Reparatur der Wohnung;3.93836;125.4;121.9;44806.0;44821.0;4;8;36;1
Spülbecken;0.17309;110.9;109.6;44593.0;44660.0;4;8;034900;0
Fertigparkett;0.07677;114.4;112.0;44563.0;44662.0;4;8;035000;0
Laminatboden;0.07763;109.8;111.5;-1.5;44689.0;4;8;035100;0
Waschtischarmatur;0.15201;104.7;105.3;-0.6;44684.0;4;8;035300;0
Ziegelstein;0.49307;127.5;117.0;9.0;44829.0;4;8;035400;0
Hohlblocksteine;0.16293;129.5;123.4;44808.0;44577.0;4;8;035500;0
Zement;0.42792;113.3;108.6;44624.0;44818.0;4;8;035600;0
PVC-Kanalrohre;0.05848;167.3;156.2;44568.0;50.7;4;8;035700;0
Gasbetonsteine;0.13762;117.3;112.0;44746.0;44699.0;4;8;035800;0
Betondachsteine;0.16135;120.8;118.8;44743.0;44694.0;4;8;035900;0
Hydratkalk;0.14862;117.8;115.6;44805.0;44755.0;4;8;036000;0
Gebundene Faserdämmstoffe;0.36696;146.0;136.2;44599.0;38.5;4;8;036100;0
Gipskartonplatte;0.25677;109.8;104.8;44777.0;44632.0;4;8;036200;0
Isolierglaskippfenster;0.47998;121.3;121.3;0.0;44638.0;4;8;036300;0
Lack;0.1054;107.7;107.7;0.0;44565.0;4;8;036400;0
Dispersionsfarbe;0.13099;114.3;114.3;0.0;44663.0;4;8;036500;0
Fliesen;0.16811;119.6;119.6;0.0;44669.0;4;8;036600;0
Profilholz;0.36066;176.3;183.9;-4.1;44724.0;4;8;036700;0
Dienstleistung für die Instandhaltung und Reparatur der Wohnung;1.85716;116.3;113.6;44653.0;44752.0;4;8;37;1
Installateur (Gas / Wasser);0.21284;109.5;108.7;0.7;44809.0;4;8;036800;0
Elektroinstallateur;0.13433;107.8;107.8;0.0;5.0;4;8;037000;0
Jahreswartung. Gasheizung;0.07841;109.5;106.2;44564.0;44687.0;4;8;036900;0
Malerarbeiten;0.12995;109.6;109.5;0.1;44747.0;4;8;037100;0
Parkett verlegen;0.11076;113.6;113.6;0.0;44690.0;4;8;037200;0
Zimmermannsarbeiten;0.18622;148.1;139.9;44809.0;44740.0;4;8;037400;0
Maurerarbeiten. KV-Lohn;0.50189;107.3;107.3;0.0;44596.0;4;8;037300;0
Zentralheizung;0.20268;126.1;118.9;44567.0;44636.0;4;8;037500;0
Fenstereinbau;0.18364;125.4;118.2;44567.0;44670.0;4;8;037600;0
Fliesenlegen;0.11644;117.2;112.1;44685.0;44663.0;4;8;037700;0
Wasserversorgung und sonstige Dienstleistungen (Wohnung);3.70914;105.1;104.5;0.6;44808.0;4;9;38;1
Wasserversorgung;0.1853;107.3;107.2;0.1;44808.0;4;9;39;1
Wassergebühr. lfd. Kosten;0.15235;107.2;107.2;0.0;44746.0;4;9;037800;0
Wassergebühr. Fixkosten;0.03295;107.4;107.3;0.1;44686.0;4;9;037900;0
Müllabfuhr;0.17634;104.0;104.0;0.0;44654.0;4;9;40;1
Müllabfuhr. Einfamilienhaus;0.17634;104.0;104.0;0.0;44654.0;4;9;038000;0
Abwasserbeseitigung;0.39198;104.7;104.1;0.6;44806.0;4;9;41;1
Kanalgebühr. Einfamilienhaus;0.39198;104.7;104.1;0.6;44806.0;4;9;038100;0
Sonstige Dienstleistungen betr. Wohnung. a.n.g.;2.95552;105.0;104.4;0.6;44566.0;4;9;42;1
Betriebskosten. Mietwohnung;2.12126;106.2;105.7;0.5;44687.0;4;9;038300;0
Betriebskosten. Eigentumswohnung;0.73252;101.6;100.7;0.9;44652.0;4;9;038400;0
Rauchfangkehrer. Einfamilienhaus;0.10174;105.4;105.4;0.0;44624.0;4;9;038200;0
Elektrizität. Gas und andere Brennstoffe;4.0475;147.5;143.4;44806.0;36.7;4;10;43;1
Elektrizität;2.04766;120.2;116.1;44684.0;44815.0;4;10;44;1
Elektrischer Strom. Grund-. Zählergebühr;0.38922;81.5;81.5;0.0;-20.9;4;10;038600;0
Elektrischer Strom. Arbeitspreis / Tag;1.55191;129.1;124.0;44565.0;44760.0;4;10;038700;0
Elektrischer Strom. Arbeitspreis / Nacht;0.10653;134.1;128.8;44565.0;44742.0;4;10;038800;0
Gas;0.65747;183.7;179.7;44594.0;71.0;4;10;45;1
Gas. Grund-. Zählergebühr;0.04889;103.0;103.0;0.0;-3.0;4;10;038900;0
Gas. Arbeitspreis;0.60858;191.6;187.3;44622.0;78.2;4;10;039000;0
Flüssige Brennstoffe;0.39485;251.2;256.0;-1.9;106.6;4;10;46;1
Heizöl extra leicht. Großabnahme;0.39485;251.2;256.0;-1.9;106.6;4;10;039100;0
Feste Brennstoffe;0.38526;174.3;160.2;44781.0;72.4;4;10;47;1
Holzpellets. Großabnahme;0.14751;197.3;171.9;44787.0;99.9;4;10;039400;0
Brennholz;0.23775;159.7;152.8;44685.0;56.1;4;10;039900;0
Wärmeenergie;0.56226;122.4;120.5;44713.0;19.0;4;10;48;1
Fernheizung. Grundgebühr;0.10212;105.2;103.7;44652.0;44777.0;4;10;040000;0
Fernheizung. Arbeitspreis;0.46014;126.2;124.1;44743.0;44614.0;4;10;040100;0
HAUSRAT UND LFD. INSTANDHALTUNG DES HAUSES;6.49376;110.9;110.1;0.7;44720.0;5;10;49;1
Einrichtungsgegenstände und Bodenbeläge;2.94801;112.5;113.3;-0.7;44813.0;5;11;50;1
Möbel und andere Einrichtungsgegenstände;2.88035;112.6;113.7;-1.0;44813.0;5;11;51;1
Arbeitsplatte / Küche;0.19477;115.8;116.5;-0.6;44814.0;5;11;040200;0
Hochschrank für Kühlschrank;0.0469;113.7;114.4;-0.6;44663.0;5;11;040300;0
Vorratsschrank;0.08045;114.2;113.8;0.4;44573.0;5;11;040400;0
Unterbau-Eckschrank;0.10756;113.3;112.8;0.4;9.0;5;11;040500;0
Küchenelement. Oberschrank;0.10741;115.7;115.6;0.1;12.0;5;11;040600;0
Küchenelement. Unterschrank;0.24067;112.5;113.4;-0.8;44753.0;5;11;040700;0
Sitzgarnitur;0.30457;109.3;109.7;-0.4;44626.0;5;11;040800;0
Schlafzimmermöbel;0.33719;113.6;113.9;-0.3;44569.0;5;11;040900;0
Essgarnitur;0.22242;107.7;111.0;-3.0;44656.0;5;11;041000;0
Wohnzimmerprogramm;0.26356;116.8;117.8;-0.8;44753.0;5;11;041100;0
Badezimmerblock;0.1838;116.7;116.5;0.2;18.0;5;11;041500;0
Vorzimmer;0.09118;105.3;107.6;-2.1;44656.0;5;11;041600;0
Kinderzimmer;0.15479;109.4;107.4;44805.0;44720.0;5;11;041700;0
Kommode. Anrichte;0.06744;107.8;108.7;-0.8;44662.0;5;11;041800;0
Schreibtisch;0.02641;108.3;108.2;0.1;44775.0;5;11;041900;0
Matratze;0.10179;105.2;113.3;-7.1;-2.7;5;11;042300;0
Gartenmöbel;0.18367;107.9;114.3;-5.6;44790.0;5;11;041400;0
Luster. Hängelampe;0.03014;128.6;126.9;44621.0;44643.0;5;11;042000;0
Deckenbeleuchtung;0.07442;124.8;123.6;1.0;44809.0;5;11;042200;0
Vorzimmerspiegel;0.06121;118.8;119.7;-0.8;44784.0;5;11;041300;0
Teppiche und andere Bodenbeläge;0.06766;112.4;97.3;44696.0;44693.0;5;11;52;1
Teppich;0.06766;112.4;97.3;44696.0;44693.0;5;11;042600;0
Heimtextilien;0.3758;117.8;108.6;44689.0;17.0;5;12;53;1
Heimtextilien;0.3758;117.8;108.6;44689.0;17.0;5;12;54;1
Gardinen. Store;0.16177;135.5;118.7;44606.0;29.0;5;12;042800;0
Bettwäsche;0.12945;107.6;102.8;44746.0;44658.0;5;12;042900;0
Steppdecke;0.02914;104.5;104.9;-0.4;44685.0;5;12;043200;0
Badetuch. Handtuch;0.03856;106.5;101.2;44597.0;44754.0;5;12;043100;0
Tischdecke;0.01688;104.9;102.7;44563.0;44809.0;5;12;043300;0
Haushaltsgeräte;1.17744;112.9;110.0;44714.0;44690.0;5;13;55;1
Elektrische und nichtelektrische Haushalts-Großgeräte;0.9643;112.8;109.9;44714.0;44660.0;5;13;56;1
Kühlschrank. Standgerät;0.08219;119.0;114.8;44745.0;44573.0;5;13;043400;0
Kühlschrank. Einbaugerät;0.04944;120.1;116.7;44806.0;44726.0;5;13;043500;0
Gefrierschrank;0.03534;110.7;107.8;44744.0;44629.0;5;13;043600;0
Kühl-. Gefrierkombination;0.06694;107.4;107.8;-0.4;44688.0;5;13;044600;0
Geschirrspüler;0.12484;109.6;109.0;0.6;7.0;5;13;043700;0
Waschmaschine;0.16979;115.8;109.2;6.0;44633.0;5;13;044300;0
Wäschetrockner;0.05241;109.7;109.4;0.3;10.0;5;13;044700;0
Elektroherd;0.18755;108.8;107.2;44682.0;44657.0;5;13;043800;0
Kaminofen. Allesbrenner;0.07583;111.2;111.2;0.0;44805.0;5;13;044800;0
Staubsauger;0.11997;116.1;110.1;44656.0;13.0;5;13;044100;0
Elektrische und nichtelektrische Haushalts-Kleingeräte;0.17754;112.5;109.5;44744.0;44601.0;5;13;57;1
Hand-. Stabmixer;0.08114;114.1;111.3;44683.0;44811.0;5;13;045000;0
Kaffeeautomat. -maschine;0.08583;110.3;107.5;44714.0;44813.0;5;13;045200;0
Dampfbügeleisen. -station;0.01057;111.5;106.3;44808.0;44818.0;5;13;045100;0
Reparaturen von Haushaltsgeräten;0.0356;111.3;109.4;44743.0;44571.0;5;13;58;1
Waschmaschinenservice;0.0356;111.3;109.4;44743.0;44571.0;5;13;045300;0
Glaswaren. Geschirr u. a. Gebrauchsgüter f. d. Haushalt;0.40147;111.4;110.6;0.7;44564.0;5;14;59;1
Glaswaren. Geschirr u. a. Gebrauchsgüter f. d. Haushaltsf.;0.40147;111.4;110.6;0.7;44564.0;5;14;60;1
Wohn-Accessoires;0.12248;113.2;113.2;0.0;0.4;5;14;045400;0
Flachteller;0.05552;106.1;103.7;44622.0;44655.0;5;14;046000;0
Trinkglas;0.02327;110.0;107.6;44594.0;44690.0;5;14;046100;0
Essbesteck;0.03077;114.9;114.1;0.7;44715.0;5;14;045800;0
Druckkochtopf;0.07285;113.7;111.6;44805.0;44597.0;5;14;045600;0
Bratpfanne;0.04788;111.5;112.3;-0.7;44743.0;5;14;045700;0
Mikrowellengeschirr;0.0487;107.2;107.2;0.0;44596.0;5;14;046200;0
Werkzeuge und Geräte für Haus und Garten;0.5556;102.6;102.5;0.1;44595.0;5;15;61;1
Großwerkzeuge und -geräte;0.2084;102.2;101.9;0.3;44622.0;5;15;62;1
Bohrmaschine;0.04495;99.8;99.8;0.0;0.9;5;15;046400;0
Akkuschrauber;0.04904;102.4;102.4;0.0;44774.0;5;15;046500;0
Rasenmäher;0.11441;103.2;102.6;0.6;44595.0;5;15;046600;0
Kleinwerkzeuge und diverses Zubehör;0.3472;102.4;102.4;0.0;44745.0;5;15;63;1
Hammer;0.06373;102.8;102.8;0.0;44808.0;5;15;047100;0
Gartenschere;0.06533;106.6;106.6;0.0;44718.0;5;15;047200;0
Batterie;0.16569;103.2;102.5;0.7;44683.0;5;15;046700;0
LED-Lampe;0.0324;95.5;95.5;0.0;44594.0;5;15;046800;0
LED-Spotlampe;0.02005;98.4;104.2;-5.6;44715.0;5;15;047000;0
Waren und Dienstleistungen für die laufende Haushaltsf.;1.03544;106.5;106.4;0.1;44657.0;5;16;64;1
Kurzlebige Haushaltswaren;0.82266;107.0;106.8;0.2;44627.0;5;16;65;1
Geschirrspülmittel;0.0707;97.7;97.0;0.7;44595.0;5;16;047500;0
Allzweckreiniger;0.08412;103.1;104.3;-1.2;44717.0;5;16;047600;0
Vollwaschmittel;0.18744;104.6;105.6;-0.9;44596.0;5;16;047900;0
WC-Stein. WC-Spüler;0.08615;100.0;97.9;44563.0;0.7;5;16;048100;0
Spezialwaschmittel;0.02305;100.6;103.5;-2.8;44654.0;5;16;048200;0
Alufolie;0.09438;135.8;132.3;44714.0;36.6;5;16;047700;0
Schwammtuch;0.08087;100.6;101.2;-0.6;0.5;5;16;047800;0
Klebstoff;0.04934;107.9;107.5;0.4;44628.0;5;16;048000;0
Spanplattenschrauben;0.05532;109.4;109.4;0.0;44782.0;5;16;048300;0
Bodenwischer;0.09129;103.6;104.2;-0.6;0.4;5;16;048400;0
Häusliche Dienstleistungen;0.21278;104.7;104.7;0.0;44623.0;5;16;66;1
Gärtnerdienstleistung;0.09235;104.1;104.1;0.0;44683.0;5;16;048500;0
Wohnungsreinigung;0.12043;105.1;105.1;0.0;44807.0;5;16;048600;0
GESUNDHEITSPFLEGE;5.58144;104.1;104.2;-0.1;44683.0;6;16;67;1
Medizinische Erzeugnisse;1.94089;105.3;105.5;-0.2;44744.0;6;17;68;1
Pharmazeutische Erzeugnisse;1.1324;107.6;108.1;-0.5;44654.0;6;17;69;1
Husten- und Erkältungsmittel;0.17547;112.1;112.1;0.0;44744.0;6;17;048700;0
Schmerz-. Rheumamittel;0.09828;108.1;108.1;0.0;44775.0;6;17;048800;0
Contraceptivum;0.07562;102.4;102.4;0.0;44653.0;6;17;048900;0
Vitamin-. Gesundheitspräparat;0.32411;103.8;105.4;-1.5;0.2;6;17;049000;0
Homöopathisches Medikament;0.03434;108.5;108.5;0.0;44656.0;6;17;049200;0
Rezeptgebühr;0.25076;107.4;107.4;0.0;44776.0;6;17;049300;0
Haut- und Schleimhautmittel;0.06767;104.9;104.9;0.0;44806.0;6;17;049400;0
Magen- und Verdauungsmittel;0.10615;120.2;120.2;0.0;44787.0;6;17;049500;0
Sonstige medizinische Erzeugnisse;0.11022;99.3;98.6;0.7;0.4;6;17;70;1
Kondome;0.01647;100.5;100.5;0.0;-1.2;6;17;049700;0
Pflaster;0.09375;99.1;98.3;0.8;0.7;6;17;049600;0
Sonstige therapeutische Geräte;0.69827;102.5;102.5;0.0;2.0;6;17;71;1
Kontaktlinsen;0.1196;99.8;99.0;0.8;-0.7;6;17;050200;0
Brillengläser;0.28194;100.9;100.5;0.4;-0.5;6;17;050300;0
Brillenfassung;0.09976;102.5;104.0;-1.4;44715.0;6;17;050400;0
Hörgerät;0.05352;116.7;117.8;-0.9;44756.0;6;17;050101;0
Heilbehelfe;0.14345;106.7;106.7;0.0;3.0;6;17;050102;0
Ambulante Dienstleistungen;2.15006;101.4;101.4;0.0;44621.0;6;18;72;1
Medizinische Dienstleistungen;0.63276;109.2;109.2;0.0;44602.0;6;18;73;1
Wahlarzt. Praktischer Arzt;0.06952;92.9;92.9;0.0;0.7;6;18;050500;0
E-Card-Gebühr;0.02707;106.3;106.3;0.0;44623.0;6;18;050700;0
Praktischer Arzt (2 Positionen);0.10602;109.9;109.9;0.0;44689.0;6;18;74;0
Wahlarzt. Facharzt;0.35124;107.0;107.0;0.0;44628.0;6;18;050600;0
Facharzt. Ordination (3 Positionen);0.07891;132.7;132.7;0.0;44711.0;6;18;75;0
Zahnmedizinische Dienstleistungen;0.94482;106.0;106.0;0.0;44716.0;6;18;76;1
Wahlarzt. Zahnarzt;0.2642;105.3;105.3;0.0;44595.0;6;18;051300;0
Zahnarztleistung;0.68062;106.3;106.3;0.0;44597.0;6;18;051400;0
Paramedizinische Dienstleistungen;0.57248;86.0;86.0;0.0;-13.2;6;18;77;1
Wahlarzt. Institut;0.07419;98.0;98.0;0.0;-7.1;6;18;051500;0
Nichtärztliche Dienstleistung;0.49829;84.3;84.3;0.0;-14.2;6;18;051600;0
Krankenhausdienstleistungen;1.49049;106.4;106.4;0.0;44745.0;6;19;78;1
Stationäre Gesundheitsdienstleistungen;1.49049;106.4;106.4;0.0;44745.0;6;19;79;1
Kur-. Rehaaufenthalt;0.33596;106.5;106.2;0.3;44654.0;6;19;051700;0
Pflegeplatz Senioren (4 Positionen);0.86531;106.9;106.9;0.0;44776.0;6;19;80;0
Spitalskosten (3 Positionen);0.28922;105.0;105.0;0.0;44807.0;6;19;81;0
VERKEHR;13.7144;127.3;131.1;-2.9;44789.0;7;19;82;1
Kauf von Fahrzeugen;4.27784;119.3;118.6;0.6;44726.0;7;20;83;1
Kraftwagen;3.48654;120.7;119.8;0.8;44636.0;7;20;84;1
PKW. Neuwagen (90 Positionen);1.71849;112.6;112.1;0.4;44750.0;7;20;85;0
PKW. Gebrauchtwagen (23 Positionen);1.76805;129.5;128.3;0.9;44675.0;7;20;86;0
Krafträder;0.57001;111.1;111.1;0.0;8.0;7;20;87;1
Moped;0.03489;126.6;124.8;44652.0;44693.0;7;20;065700;0
Motorrad;0.30007;106.1;105.8;0.3;44807.0;7;20;065800;0
E-Bike;0.23505;115.0;115.6;-0.5;44754.0;7;20;065880;0
Fahrräder;0.22129;115.9;115.9;0.0;44718.0;7;20;88;0
Fahrrad;0.22129;115.9;115.9;0.0;44718.0;7;20;065900;0
Betrieb von privaten Verkehrsmitteln;358487.00000;135.3;143.4;-5.6;44614.0;7;21;89;1
Ersatzteile und Zubehör für private Verkehrsmittel;0.5361;108.3;107.8;0.5;9.0;7;21;90;1
Sommerreifen;0.07728;123.9;123.5;0.3;44581.0;7;21;066400;0
Winterreifen;0.1563;108.5;108.0;0.5;44660.0;7;21;066500;0
Scheibenwischer;0.08686;112.0;111.8;0.2;44720.0;7;21;066100;0
Autobatterie;0.04539;112.9;112.8;0.1;44811.0;7;21;066300;0
Autoersatzlampen;0.07523;88.0;88.0;0.0;0.7;7;21;066800;0
Scheibenreiniger;0.0342;99.3;95.4;44565.0;5.0;7;21;066990;0
Lastenträger PKW;0.06084;111.1;111.1;0.0;44811.0;7;21;067000;0
Kraft- und Schmierstoffe für private Verkehrsmittel;3.37993;172.2;192.0;-10.3;43.6;7;21;94;1
Dieseltreibstoff;1.91632;176.1;195.2;-9.8;48.6;7;21;067400;0
Superbenzin;1.43215;168.5;189.8;-11.2;38.0;7;21;067300;0
Motoröl;0.03146;108.1;109.7;-1.5;44716.0;7;21;067100;0
Instandhaltung und Reparatur von privaten Verkehrsmitteln;1.71969;109.9;109.6;0.3;44625.0;7;21;98;1
Wagenwäsche;0.03813;106.8;106.4;0.4;44624.0;7;21;067500;0
Kfz-Spenglerstunde;0.2409;108.9;108.6;0.3;44626.0;7;21;067600;0
Kfz-Mechanikerstunde;0.36119;108.9;108.8;0.1;44747.0;7;21;067700;0
Kfz-Elektrikerstunde;0.12066;111.6;111.6;0.0;44810.0;7;21;068100;0
Scheinwerfer. Material;0.0305;109.6;109.1;0.5;44746.0;7;21;068400;0
Auspuffanlage. Material;0.05482;108.7;108.3;0.4;44777.0;7;21;068500;0
Bremsbeläge vorne. Material;0.50152;111.2;110.6;0.5;44623.0;7;21;068700;0
Ölservice;0.16395;111.9;111.5;0.4;44719.0;7;21;068800;0
Klimaanlagenservice;0.05381;113.2;112.6;0.5;44720.0;7;21;068900;0
Reifenservice;0.0359;118.6;118.9;-0.3;44691.0;7;21;069000;0
Beitrag zum Autofahrerclub;0.11831;102.8;102.8;0.0;44622.0;7;21;070201;0
Sonstige Dienstleistungen an privaten Verkehrsmitteln;1.65238;101.6;101.5;0.1;44562.0;7;21;100;1
Parkgarage;0.10651;101.2;100.7;0.5;2.0;7;21;069400;0
Parkgebühr;0.04451;110.8;110.8;0.0;44713.0;7;21;069200;0
Parkpickerl;0.02598;118.7;118.7;0.0;44698.0;7;21;069300;0
Allgemeine Mautgebühr;0.15714;103.0;103.0;0.0;44682.0;7;21;069600;0
Mautgebühr. Alpenstraße;0.06032;103.8;103.8;0.0;44775.0;7;21;069900;0
Motorbezogene Versicherungssteuer (6 Positionen);1.068;100.0;100.0;0.0;0.0;7;21;103;0
Fahrschule;0.09489;108.8;108.4;0.4;44746.0;7;21;069100;0
Wiederkehrende Begutachtung;0.05264;107.3;107.3;0.0;44716.0;7;21;069700;0
Führerscheingebühr;0.01378;100.0;100.0;0.0;0.0;7;21;069800;0
Anmelden eines PKW;0.02861;100.0;100.0;0.0;0.0;7;21;070000;0
Verkehrsdienstleistungen;2.14846;115.7;115.2;0.4;44595.0;7;22;105;1
Schienenpersonenverkehr;0.30669;94.3;93.9;0.4;-4.2;7;22;106;1
Bahn - Normalpreisticket;0.03519;96.7;96.7;0.0;-2.7;7;22;070900;0
Bahn - Sparschiene - Ticket;0.03981;98.9;97.2;44743.0;44744.0;7;22;071100;0
Bahn - Vorteilscard - Ticket;0.1326;96.1;96.1;0.0;-2.5;7;22;071300;0
Bahn - Vorteilscard;0.04806;99.5;99.5;0.0;-0.2;7;22;071400;0
Bahn - Senioren - Vorteilscard;0.01478;100.0;100.0;0.0;0.0;7;22;072200;0
Bahn - Jahreskarte;0.03625;72.0;70.9;44713.0;-28.0;7;22;072220;0
Straßenpersonenverkehr;0.15045;110.3;110.3;0.0;44692.0;7;22;108;1
Ausflugsbus;0.05678;114.6;114.6;0.0;44668.0;7;22;072500;0
Taxi. Tagesfahrt;0.04696;107.7;107.7;0.0;44599.0;7;22;072300;0
Taxi. Nachtfahrt;0.04671;107.2;107.2;0.0;44720.0;7;22;072400;0
Luftpersonenverkehr;0.52537;177.8;175.5;44621.0;44639.0;7;22;111;1
Flugticket Ausland;0.52537;177.8;175.5;44621.0;44639.0;7;22;072702;0
Kombinierter Personenverkehr;1.11575;97.4;97.4;0.0;-3.2;7;22;112;1
Innerstädtischer Verkehr - Tagesticket (5 Positionen);0.09304;104.1;104.1;0.0;44744.0;7;22;113;0
Innerstädtischer Verkehr - Dauerkarte (7 Positionen);1.02271;96.7;96.7;0.0;-3.8;7;22;114;0
Sonstige gekaufte Verkehrsdienstleistungen;0.0502;100.0;100.0;0.0;0.0;7;22;115;1
Bahn-Schließfachgebühr;0.0502;100.0;100.0;0.0;0.0;7;22;074300;0
NACHRICHTENÜBERMITTLUNG;2.04518;95.8;96.2;-0.4;-1.4;8;22;116;1
Postdienste;0.03637;107.6;107.6;0.0;7.0;8;22;117;1
Post- und Kurierdienstleistungen;0.03637;107.6;107.6;0.0;7.0;8;23;118;1
Briefporto. Inland;0.01716;101.0;101.0;0.0;0.0;8;23;074500;0
Briefporto. Ausland;0.00282;101.3;101.3;0.0;0.0;8;23;074600;0
Pakettarif;0.01639;116.5;116.5;0.0;44697.0;8;23;074800;0
Telefonapparate und Telefaxgeräte;0.41546;90.0;91.0;-1.1;-6.5;8;24;119;1
Telefon- und Telefaxgeräte. einschließlich Reparatur;0.41546;90.0;91.0;-1.1;-6.5;8;24;94949;1
Mobiltelefongerät;0.41546;90.0;91.0;-1.1;-6.5;8;24;074900;0
Telefon- und Telefaxdienste;1.59335;97.0;97.2;-0.2;-0.3;8;25;201;1
Telefon- und Telefaxdienstleistungen;1.59335;97.0;97.2;-0.2;-0.3;8;25;202;1
Festnetztelefonie;0.17606;100.0;100.0;0.0;0.0;8;25;075101;0
Mobiltelefonie;1.07242;95.2;95.4;-0.2;-0.6;8;25;076101;0
Internetgebühr;0.13623;104.3;104.3;0.0;44743.0;8;25;076200;0
Mobiles Internet;0.07196;100.0;100.0;0.0;0.0;8;25;076300;0
Gebündelter Tarif;0.13668;98.1;98.1;0.0;-0.1;8;25;076301;0
FREIZEIT UND KULTUR;701937.00000;107.9;108.4;-0.5;44655.0;9;25;203;1
Geräte f. Audiovision. Fotografie und Datenverarbeitung;1.09962;100.6;99.9;0.7;-0.5;9;26;204;1
Empfangs-. Aufzeichnungs- und Wiedergabegeräte für Ton/Bild;0.37452;97.2;95.6;44743.0;-3.5;9;26;205;1
Soundbar;0.06326;84.6;84.5;0.1;-9.4;9;26;091110;0
Satellitenanlage;0.01338;108.5;105.6;44744.0;44745.0;9;26;077000;0
Flachfernseher;0.29788;99.6;97.7;44805.0;-2.5;9;26;077200;0
Foto-. Kino- und optische Geräte;0.09358;111.4;111.9;-0.4;44809.0;9;26;206;1
Spiegelreflexkamera;0.04347;97.8;98.4;-0.6;-1.9;9;26;077400;0
Digitalkompaktkamera;0.05011;124.9;125.0;-0.1;44605.0;9;26;077600;0
Datenverarbeitungsgeräte;0.45198;106.7;106.1;0.6;0.3;9;26;207;1
PC;0.07265;103.6;103.8;-0.2;-3.8;9;26;078100;0
Notebook / Tablet;0.25454;106.1;104.7;44621.0;-3.0;9;26;078300;0
PC-Zubehör;0.09447;106.0;105.5;0.5;44688.0;9;26;078200;0
Softwarepaket;0.03032;120.2;124.3;-3.3;44788.0;9;26;077700;0
Aufzeichnungsmedien;0.15966;86.3;86.7;-0.5;-0.5;9;26;208;1
Musikstreaming;0.12659;100.0;100.0;0.0;0.0;9;26;091410;0
Speichermedium;0.03307;92.1;94.2;-2.2;-2.2;9;26;079300;0
Reparatur v. Geräten f. Audiovision. Fotografie und Datenverarb.;0.01988;103.0;103.0;0.0;44653.0;9;26;209;1
Fernsehmechaniker / PC-Service;0.01988;103.0;103.0;0.0;44653.0;9;26;079400;0
Sonstige wesentliche Gebrauchsgüter für Freizeit und Kultur;0.23442;106.3;106.3;0.0;3.0;9;27;210;1
Wesentliche Gebrauchsgüter für die Freizeit einschl. Musikinstr.;0.23442;106.3;106.3;0.0;3.0;9;27;211;1
Blockflöte;0.09266;104.1;104.1;0.0;0.9;9;27;079500;0
Gitarre;0.04877;108.0;108.0;0.0;2.0;9;27;079600;0
Tischtennistisch;0.09299;108.2;108.2;0.0;44778.0;9;27;079700;0
Sonstige Freizeitartikel u. -geräte. Gartenartikel u. Heimtiere;2.66101;107.3;107.2;0.1;44720.0;9;28;212;1
Spiel- und Hobbywaren;0.57151;103.3;103.8;-0.5;0.8;9;28;213;1
Brettspiel;0.04231;104.8;104.3;0.5;44626.0;9;28;080300;0
Grundgerät für Videospiel;0.04672;99.2;100.4;-1.2;-6.2;9;28;080400;0
CD-Rom-Spiel für PC;0.06048;88.8;98.5;-9.8;-19.9;9;28;080500;0
Dreirad / Rutschauto / Laufrad;0.03574;99.3;101.3;-2.0;-0.5;9;28;079800;0
Modepuppe;0.04346;107.6;104.0;44684.0;8.0;9;28;079900;0
Kunststoffbaukasten;0.09671;100.7;100.7;0.0;-1.3;9;28;080000;0
Metallmodellfahrzeug;0.10611;108.7;108.4;0.3;44719.0;9;28;080100;0
Folienballon 9);0.13998;107.4;106.1;44593.0;44746.0;9;28;080150;0
Sportgeräte u. Ausrüstungen f. Camping u. Erholung im Freien;0.55089;101.0;100.9;0.1;44726.0;9;28;214;1
Schischuhe / Inlineskater;0.24637;102.5;103.1;-0.6;44616.0;9;28;080700;0
Tennisbälle;0.09737;104.0;102.3;44743.0;6.0;9;28;080800;0
Schi inkl. Bindung;0.08904;104.2;104.1;0.1;44820.0;9;28;081100;0
Fitnessgerät;0.08924;110.4;110.4;0.0;44777.0;9;28;081600;0
Schlafsack;0.02021;88.1;88.1;0.0;44692.0;9;28;081300;0
Schi- / Racketservice;0.00866;95.9;95.8;0.1;-4.2;9;28;081700;0
Pflanzen;0.69907;111.5;112.0;-0.4;44813.0;9;28;215;1
Blumenübertopf;0.0914;115.7;116.5;-0.7;10.0;9;28;081800;0
Blumenerde;0.05476;114.7;114.7;0.0;44726.0;9;28;082400;0
Düngemittel;0.03357;129.5;129.5;0.0;44665.0;9;28;082500;0
Blumen;0.19013;107.7;111.7;-3.6;44657.0;9;28;081900;0
Zimmerpflanze;0.11062;109.7;109.3;0.4;44569.0;9;28;082000;0
Gartenpflanze;0.19406;109.6;107.5;2.0;44692.0;9;28;082100;0
Grassamen;0.02453;124.9;124.9;0.0;14.0;9;28;082200;0
Heimtiere und Heimtierartikel;0.57037;112.2;110.8;44621.0;13.0;9;28;216;1
Katzenfutter;0.26458;112.3;110.4;44743.0;44818.0;9;28;082700;0
Hundefutter. trocken;0.10863;111.7;110.2;44652.0;44814.0;9;28;082800;0
Hundefutter. nass;0.09438;116.6;115.9;0.6;44609.0;9;28;082801;0
Hundeleine;0.03335;98.8;99.7;-0.9;0.1;9;28;082900;0
Katzenstreu;0.06943;112.5;111.4;1.0;44570.0;9;28;083000;0
Veterinär- u.a. Dienstleistungen für Heimtiere;0.26917;105.4;105.4;0.0;44653.0;9;28;217;1
Tierarzt. Hundeimpfung;0.21591;105.6;105.6;0.0;44653.0;9;28;083100;0
Chip für Hunde;0.05326;104.4;104.4;0.0;44653.0;9;28;083200;0
Freizeit- und Kulturdienstleistungen;3.96812;104.7;104.8;-0.1;44684.0;9;29;218;1
Freizeit- und Sportdienstleistungen;1.72197;106.1;106.0;0.1;44715.0;9;29;219;1
Fußballspiel. Eintritt;0.08458;100.0;100.1;-0.1;-0.1;9;29;083500;0
Musikschule;0.09573;101.9;101.9;0.0;0.6;9;29;083300;0
Tennisvereinsbeitrag;0.16685;103.2;103.2;0.0;44775.0;9;29;083400;0
Freiluftbad. Eintritt Erwachsene;0.05055;116.4;116.4;0.0;44580.0;9;29;083600;0
Therme. Eintritt;0.12717;109.7;109.7;0.0;44626.0;9;29;084000;0
Fitnessstudio;0.41809;106.4;106.0;0.4;44777.0;9;29;084100;0
Reitstunde;0.12778;111.5;112.1;-0.5;44687.0;9;29;084200;0
Seilbahnen und Lifte;0.53068;105.1;105.1;0.0;0.2;9;29;084300;0
Hallenbad. Eintritt Erwachsene;0.02411;110.3;110.3;0.0;44666.0;9;29;084400;0
Tanzschule;0.06497;121.0;120.2;0.7;44813.0;9;29;084950;0
Schiverleih;0.03146;100.0;100.0;0.0;-0.8;9;29;084970;0
Kulturdienstleistungen;1.44642;105.6;106.1;-0.5;5.0;9;29;220;1
Kino. Eintrittskarte Erwachsene;0.20676;105.2;105.8;-0.6;44715.0;9;29;084800;0
Musiktheater;0.20745;101.2;103.7;-2.4;44777.0;9;29;085200;0
Sprechtheater;0.07245;104.6;105.0;-0.4;44746.0;9;29;085300;0
Touristische Attraktion. Erwachsene;0.0898;108.5;108.5;0.0;44808.0;9;29;085500;0
Zoo / Landesausstellung Erwachsene;0.1016;109.6;109.6;0.0;44810.0;9;29;085900;0
Gebühr für Telekabel / digitales Antennen TV;0.09302;103.3;103.3;0.0;44805.0;9;29;085400;0
Pay-TV;0.19308;106.3;106.3;0.0;44715.0;9;29;085401;0
Fernseh-Kombigebühr;0.40696;107.5;107.5;0.0;44568.0;9;29;085700;0
Digitale Fotoausarbeitung;0.0753;104.4;105.2;-0.8;44713.0;9;29;085100;0
Glücksspiele;0.79973;100.0;100.0;0.0;0.0;9;29;221;1
Lotto;0.36876;100.0;100.0;0.0;0.0;9;29;086300;0
Joker;0.13124;100.0;100.0;0.0;0.0;9;29;086400;0
Rubbellos;0.06147;100.0;100.0;0.0;0.0;9;29;086500;0
Euromillionen;0.23826;100.0;100.0;0.0;0.0;9;29;086600;0
Zeitungen. Bücher und Schreibwaren;1.10992;108.9;109.4;-0.5;44807.0;9;30;222;1
Bücher;0.26783;100.2;102.4;-2.1;0.0;9;30;223;1
Bestseller. Belletristik;0.07587;96.9;107.7;-10.0;-5.6;9;30;086800;0
Bestseller. Kinderbuch;0.05083;93.0;91.2;2.0;-0.6;9;30;086900;0
Fachbuch;0.09954;102.1;102.1;0.0;44743.0;9;30;086700;0
Bestseller. Sachbuch;0.04159;111.4;109.0;44594.0;44810.0;9;30;087000;0
Zeitungen und Zeitschriften;0.54623;114.1;113.8;0.3;44655.0;9;30;224;1
Tageszeitungen (9 Positionen);0.40998;113.5;113.5;0.0;44653.0;9;30;225;0
Illustrierte;0.13625;116.5;115.0;44621.0;44722.0;9;30;087100;0
Sonstige Druckerzeugnisse;0.06935;104.2;105.3;-1.0;-0.3;9;30;226;1
Glückwunschbillet;0.06935;104.2;105.3;-1.0;-0.3;9;30;088600;0
Schreibwaren und Zeichenmaterial;0.22651;108.7;109.2;-0.5;44720.0;9;30;227;1
Schulheft;0.03161;108.9;115.0;-5.3;44791.0;9;30;088900;0
Geschenkpapier;0.04296;103.2;102.2;1.0;0.7;9;30;089500;0
Schulfüllfeder;0.03941;109.6;110.2;-0.5;44569.0;9;30;088800;0
Buntstifte;0.05392;105.4;105.9;-0.5;44781.0;9;30;089200;0
Bleistift;0.0358;114.3;113.3;0.9;44719.0;9;30;089300;0
Ringmappe;0.02281;118.4;115.9;44594.0;44575.0;9;30;089400;0
Pauschalreisen;2.30901;116.7;119.0;-1.9;4.0;9;31;228;1
Pauschalreisen;2.30901;116.7;119.0;-1.9;4.0;9;31;229;1
Buspauschalreisen im Ausland;0.26879;66.8;68.1;-1.9;-31.3;9;31;089700;0
Städteflug;0.09999;111.8;116.7;-4.2;44606.0;9;31;089800;0
Flugpauschalreisen;1.94023;123.8;126.1;-1.8;44719.0;9;31;089900;0
ERZIEHUNG UND UNTERRICHT;0.98099;104.1;104.1;0.0;44683.0;10;31;230;1
Kindergarten. Volksschule. Internat;0.14764;104.9;104.9;0.0;4.0;10;32;231;1
Dienstl. d. Bildungseinr. d. Elementar- und Primarbereichs;0.14764;104.9;104.9;0.0;4.0;10;32;232;1
Kindergartengebühr (3 Positionen);0.08824;105.6;105.6;0.0;44808.0;10;32;233;0
Volksschule. Non Profit. privat;0.0594;104.0;104.0;0.0;44744.0;10;32;090000;0
Mittelschule. Schulausflüge;0.10536;101.5;101.5;0.0;-1.0;10;33;234;1
Dienstleistungen d. Bildungseinrichtungen d. Sekundarber.;0.10536;101.5;101.5;0.0;-1.0;10;33;235;1
Dienstleistungen d. Bildungseinrichtungen d. Sekundarber.;0.10536;101.5;101.5;0.0;-1.0;10;33;236;1
Mittelschule. AHS;0.04468;104.2;104.2;0.0;44622.0;10;33;090400;0
Schulsportwoche;0.06068;99.8;99.8;0.0;-3.3;10;33;090550;0
AHS oder BHS. 9. - 13. Schulstufe;0.0789;103.5;103.5;0.0;44563.0;10;34;237;1
Dienstleistungen d. postsekund.. nicht-tertiären Bildungsber.;0.0789;103.5;103.5;0.0;44563.0;10;34;238;1
AHS. BHS Oberstufe;0.0789;103.5;103.5;0.0;44563.0;10;34;090700;0
Studiengebühren;0.18721;105.6;105.6;0.0;44595.0;10;35;239;1
Dienstleistungen d. Bildungseinrichtungen d. Tertiärbereichs;0.18721;105.6;105.6;0.0;44595.0;10;35;240;1
Uni-Lehrgang;0.13255;104.6;104.6;0.0;44685.0;10;35;090800;0
Studiengebühr;0.05466;108.3;108.3;0.0;0.5;10;35;090900;0
Kurse;0.46188;103.9;104.0;-0.1;44653.0;10;36;241;1
Dienstleistungen nicht einstufbarer Bildungseinrichtungen;0.46188;103.9;104.0;-0.1;44653.0;10;36;242;1
Nachhilfe;0.08791;106.5;106.5;0.0;44597.0;10;36;091000;0
Sprachkurs;0.09518;101.6;101.6;0.0;0.4;10;36;091100;0
Sprachaufenthalt / Lerncamp;0.04447;107.1;107.5;-0.4;44716.0;10;36;091200;0
Fortbildungskurs. -lehrgang;0.18355;103.3;103.3;0.0;44743.0;10;36;091300;0
EDV-Kurs;0.05077;102.9;102.9;0.0;44682.0;10;36;091400;0
RESTAURANTS UND HOTELS;12.68002;115.4;114.2;44562.0;44813.0;11;36;243;1
Bewirtungsdienstleistungen;11.05493;114.1;113.4;0.6;44751.0;11;37;244;1
Restaurants. Cafés und dergleichen;10.41032;114.5;113.8;0.6;10.0;11;37;245;1
Cocktail;0.66685;110.5;110.2;0.3;44780.0;11;37;092201;0
Vegetarisches Gericht;0.31856;120.7;119.8;0.8;44663.0;11;37;092500;0
Frühstück. Kaffeehaus;0.17786;111.1;110.5;0.5;44717.0;11;37;092600;0
Tortenstück. Kaffeehaus;0.19633;113.5;113.3;0.2;44719.0;11;37;092700;0
Kaffee (Verlängerter. Melange. Cappuccino. Lungo);0.44409;108.0;107.7;0.3;44746.0;11;37;092800;0
Tee. Kaffeehaus;0.14721;112.9;112.5;0.4;44687.0;11;37;092900;0
Mischgetränk alkoholisch. Kaffeehaus;0.27003;111.9;111.5;0.4;44626.0;11;37;093000;0
Tagessuppe / Suppe;0.09752;117.0;117.0;0.0;44692.0;11;37;093200;0
Tagesmenü / Mittagsmenü;0.30146;117.2;116.1;0.9;44722.0;11;37;093500;0
Schweinefleischgericht;0.19256;118.4;117.6;0.7;44573.0;11;37;093600;0
Schnitzel. paniert;0.44549;118.2;117.5;0.6;44632.0;11;37;093700;0
Rindfleischgericht;0.4083;117.5;116.8;0.6;44753.0;11;37;093800;0
Mehlspeise. Kaffeehaus;0.12531;115.2;115.0;0.2;44570.0;11;37;093900;0
Toast. Kaffeehaus;0.0964;112.3;111.3;0.9;44600.0;11;37;094000;0
Beilagensalat;0.15184;114.3;113.6;0.6;44661.0;11;37;094100;0
Mehlspeise. warm;0.17403;118.7;118.5;0.2;44723.0;11;37;094200;0
Fischgericht;0.30909;119.6;118.8;0.7;44785.0;11;37;094300;0
Kleiner Brauner. einfacher Espresso;0.12604;110.9;110.4;0.5;8.0;11;37;094500;0
Bier. Restaurant;0.48912;110.6;110.0;0.5;44627.0;11;37;094600;0
Wein. Restaurant;0.89927;117.5;116.8;0.6;44572.0;11;37;094700;0
Mineralwasser. Restaurant;0.39688;112.9;111.7;44562.0;44781.0;11;37;094800;0
Apfelsaft. Restaurant;0.13799;114.0;112.2;44713.0;44630.0;11;37;094900;0
Colagetränk. Restaurant;0.27278;110.5;110.2;0.3;44779.0;11;37;095000;0
Fruchtsaft. Restaurant;0.06892;109.8;109.0;0.7;44810.0;11;37;095100;0
Vorspeise / Pasta. ital. Restaurant;0.22714;117.8;117.1;0.6;44604.0;11;37;095500;0
Pizza. ital. Restaurant;0.40483;114.8;114.0;0.7;12.0;11;37;095600;0
Mittagsmenü. ital. Restaurant;0.27812;115.8;115.1;0.6;44723.0;11;37;095700;0
Nachspeise. ital. Restaurant;0.21504;116.2;115.4;0.7;44603.0;11;37;095800;0
Vorspeise. asiat. Restaurant;0.06285;109.5;108.3;44562.0;44720.0;11;37;095900;0
Hauptspeise. asiat. Restaurant;0.26006;111.9;110.2;44682.0;44750.0;11;37;096000;0
Mittagsmenü. -buffet. asiat. Restaurant;0.21791;117.6;116.8;0.7;44691.0;11;37;096100;0
Leberkäse. heiß;0.17504;109.5;109.5;0.0;44660.0;11;37;091500;0
Pizza inkl. Zustellung;0.37692;109.6;109.9;-0.3;44690.0;11;37;091600;0
Belegtes Gebäck;0.17831;115.2;115.0;0.2;44632.0;11;37;091700;0
Kebab. Imbissstand;0.22787;120.2;119.6;0.5;14.0;11;37;091800;0
Getränk. Imbissstand;0.312;115.2;115.0;0.2;44722.0;11;37;091900;0
Fast Food;0.25185;119.0;111.5;44748.0;44609.0;11;37;092000;0
Essen auf Rädern;0.10579;106.2;106.2;0.0;44654.0;11;37;092400;0
Würstel. Imbissstand;0.20266;117.7;117.8;-0.1;44725.0;11;37;093100;0
Kantinen;0.64461;108.1;107.1;0.9;44626.0;11;37;246;1
Kantinenmenü;0.32421;109.3;108.3;0.9;44627.0;11;37;096200;0
Snack;0.09837;113.8;110.6;44806.0;44753.0;11;37;096300;0
Mittagessen Schule / Kindergarten;0.22203;103.6;103.6;0.0;44622.0;11;37;096400;0
Beherbergungsdienstleistungen;1.62509;124.5;120.7;44564.0;44752.0;11;38;247;1
Beherbergungsdienstleistungen;1.62509;124.5;120.7;44564.0;44752.0;11;38;248;1
Hotel. 4/5-Stern;0.21133;137.8;128.2;44688.0;44793.0;11;38;096600;0
Zimmer mit Frühstück. 4/5-Stern;0.23777;113.5;111.5;44774.0;44687.0;11;38;096900;0
Zimmer mit Frühstück. 3-Stern;0.33228;117.1;116.2;0.8;44605.0;11;38;097000;0
Privatzimmer im Inland;0.06468;118.0;116.3;44682.0;44690.0;11;38;097100;0
Wellnesshotel;0.20623;112.1;109.8;44563.0;44747.0;11;38;097400;0
Ferienwohnung;0.14559;116.7;109.6;44687.0;44629.0;11;38;097200;0
Übernachtung im Ausland;0.37144;137.7;133.1;44684.0;44751.0;11;38;097300;0
Studentenheim;0.05577;107.0;107.0;0.0;44808.0;11;38;096800;0
VERSCHIEDENE WAREN. DIENSTLEISTUNGEN;8.82586;103.7;103.6;0.1;44622.0;12;38;249;1
Körperpflege;2.41208;103.6;103.6;0.0;3.0;12;39;250;1
Friseur- u. Kosmetiksalons u. a. Einrichtungen f. d. Körperpflege;1.08873;108.1;107.8;0.3;5.0;12;39;260;1
Herrenhaarschnitt;0.12995;107.7;107.6;0.1;44807.0;12;39;098400;0
Damenhaarschnitt;0.35072;105.8;105.5;0.3;44595.0;12;39;098000;0
Haarfärben;0.18611;109.3;109.0;0.3;44685.0;12;39;098200;0
Handpflege / Maniküre;0.08277;110.6;110.1;0.5;44688.0;12;39;097500;0
Fußpflege / Pediküre;0.0698;111.1;110.2;0.8;44719.0;12;39;097600;0
Massage;0.11556;109.3;109.3;0.0;44718.0;12;39;097700;0
Gesichtsbehandlung;0.15382;108.8;108.3;0.5;44657.0;12;39;097800;0
Elektrische Geräte für die Körperpflege;0.04821;107.6;106.4;44562.0;44567.0;12;39;261;1
Elektrische Zahnbürste / Dentalcenter;0.02198;113.6;112.6;0.9;44814.0;12;39;098800;0
Elektrischer Rasierapparat;0.02623;102.7;101.5;44593.0;44653.0;12;39;098900;0
Andere Erzeugnisse für die Körperpflege;1.27514;99.8;100.0;-0.2;44621.0;12;39;262;1
Zahnbürste;0.03386;99.0;98.6;0.4;1.0;12;39;100100;0
Rasierklingen;0.0572;97.9;97.5;0.4;-2.9;12;39;101000;0
Haartönung;0.05783;98.7;100.4;-1.7;-0.2;12;39;099100;0
Haarshampoo;0.10223;98.2;98.2;0.0;-0.1;12;39;099200;0
Ganzkörperpflegecreme;0.10461;91.9;92.3;-0.4;-2.8;12;39;099300;0
Tampons;0.05702;93.8;94.1;-0.3;44598.0;12;39;099400;0
Gesichtscreme;0.20321;98.2;97.9;0.3;-2.7;12;39;099600;0
Eau de Toilette;0.10488;107.2;107.2;0.0;44687.0;12;39;099700;0
Make up;0.04481;102.9;103.2;-0.3;44714.0;12;39;099800;0
Wimperntusche;0.06314;97.7;103.4;-5.5;-3.5;12;39;099900;0
Zahncreme;0.09278;102.1;102.4;-0.3;-0.1;12;39;100000;0
Duschgel;0.11214;96.5;96.9;-0.4;0.3;12;39;100400;0
Toilettenpapier;0.07835;118.6;118.4;0.2;44823.0;12;39;100500;0
Papiertaschentücher;0.03681;113.7;112.3;44593.0;44787.0;12;39;100600;0
Wegwerfwindeln;0.05473;91.4;91.8;-0.4;-5.6;12;39;100700;0
Babyfeuchttücher;0.02912;96.5;97.3;-0.8;-2.3;12;39;100800;0
Deodorant;0.04242;96.5;93.6;44564.0;44743.0;12;39;100900;0
Persönliche Gebrauchsgegenstände. a.n.g.;0.73554;108.4;108.5;-0.1;44811.0;12;40;263;1
Schmuck und Uhren;0.31743;111.7;111.7;0.0;44716.0;12;40;264;1
Ehering / Ring;0.15857;116.9;116.9;0.0;44566.0;12;40;101200;0
Halskette;0.06603;110.6;110.6;0.0;7.0;12;40;101400;0
Damenarmbanduhr;0.09283;104.3;104.3;0.0;44563.0;12;40;101600;0
Sonstige persönliche Gebrauchsgüter;0.41811;105.4;105.5;-0.1;44722.0;12;40;265;1
Rucksack;0.01846;112.6;115.0;-2.1;44718.0;12;40;101700;0
Damenhandtasche;0.10784;99.7;100.6;-0.9;44786.0;12;40;101900;0
Trolley;0.08867;111.3;110.1;44562.0;44789.0;12;40;102200;0
Kinderbuggy;0.04763;106.5;106.6;-0.1;44662.0;12;40;102400;0
Damenschirm;0.05836;101.5;102.0;-0.5;44685.0;12;40;101800;0
Sarg;0.09715;107.5;107.5;0.0;44626.0;12;40;102300;0
Sozialschutz;0.76937;104.1;104.1;0.0;44652.0;12;41;266;1
Dienstleistungen sozialer Einrichtungen;0.76937;104.1;104.1;0.0;44652.0;12;41;267;1
Nachmittagsbetreuung öffentlich;0.17287;99.9;99.9;0.0;-0.2;12;41;102600;0
Kinderkrippe;0.00953;105.4;105.4;0.0;44621.0;12;41;102700;0
Tagesmutter;0.00407;106.2;106.2;0.0;5.0;12;41;102800;0
Wohnplatz Senioren (3 Positionen);0.22322;107.1;107.1;0.0;3.0;12;41;268;0
Heim-. Pflege-. Altenhilfe;0.12553;109.3;109.3;0.0;44654.0;12;41;103000;0
24-Stunden-Betreuung;0.23415;101.2;101.2;0.0;-0.1;12;41;103100;0
Versicherungen;4.18215;102.4;102.3;0.1;0.9;12;42;269;1
Versicherungen im Zusammenhang mit der Wohnung;0.97629;101.7;101.7;0.0;44621.0;12;42;270;1
Eigenheimbündelversicherung;0.65274;103.4;103.4;0.0;44564.0;12;42;103700;0
Hausratsversicherung;0.32355;98.2;98.2;0.0;-2.5;12;42;103800;0
Versicherungen im Zusammenhang mit der Gesundheit;1.60207;103.8;103.8;0.0;44593.0;12;42;271;1
Unfallversicherung;0.53518;102.7;102.7;0.0;44774.0;12;42;104190;0
Private Krankenversicherung;1.06689;104.3;104.3;0.0;0.9;12;42;272;0
Versicherungen im Zusammenhang mit dem Verkehr;1.44742;100.9;100.8;0.1;0.0;12;42;273;1
Autorechtsschutzversicherung;0.03475;107.1;106.0;1.0;44778.0;12;42;104200;0
Motorradhaftpflichtversicherung;0.0392;101.8;101.8;0.0;0.7;12;42;104300;0
Haftpflichtversicherung (5 Positionen);1.19709;100.7;100.7;0.0;-0.4;12;42;274;0
Teilkaskoversicherung (5 Positionen);0.17638;100.2;100.2;0.0;1.0;12;42;275;0
Sonstige Versicherungen;0.15637;108.7;105.2;44623.0;44718.0;12;42;276;1
Rechtsschutzversicherung;0.15637;108.7;105.2;44623.0;44718.0;12;42;105600;0
Finanzdienstleistungen. a.n.g.;0.11663;105.6;105.6;0.0;44654.0;12;43;277;1
Finanzdienstleistungen. a.n.g.;0.11663;105.6;105.6;0.0;44654.0;12;43;278;1
Depotgebühren;0.03637;104.9;104.9;0.0;44775.0;12;43;105700;0
Bankgebühren. Kreditkarte (3 Positionen);0.08026;106.0;106.0;0.0;44776.0;12;43;279;0
Sonstige Dienstleistungen. a.n.g.;0.61009;105.4;105.4;0.0;3.0;12;44;280;1
Andere Dienstleistungen. a.n.g.;0.61009;105.4;105.4;0.0;3.0;12;44;281;1
Reisepass. Ausstellungsgebühr;0.09317;100.0;100.0;0.0;0.0;12;44;106500;0
Rechtsanwalt;0.09651;103.4;103.4;0.0;44683.0;12;44;106300;0
Begräbniskosten. Dienstleistung;0.18722;107.5;107.5;0.0;44625.0;12;44;106100;0
Friedhofsgebühr;0.18845;105.4;105.4;0.0;44743.0;12;44;106200;0
Vermittlergebühren. Mietwohnung;0.04474;112.4;112.4;0.0;44747.0;12;44;106400;0
